t_s,mode,servo_deg,as5600_deg,multi_deg,MD,ML,MH,i2c_port
0.004,follow,9.580,19.160,0.000,0,1,1,1
0.061,follow,9.580,19.160,0.000,0,1,1,1
0.119,follow,9.580,19.160,0.000,0,1,1,1
0.176,follow,9.624,19.248,0.088,0,1,1,1
0.233,follow,9.624,19.248,0.088,0,1,1,1
0.291,follow,43.374,86.748,67.588,0,1,1,1
0.348,follow,9.624,19.248,0.088,0,1,1,1
0.405,follow,9.624,19.248,0.088,0,1,1,1
0.463,follow,9.624,19.248,0.088,0,1,1,1
0.520,follow,9.624,19.248,0.088,0,1,1,1
0.582,follow,9.624,19.248,0.088,0,1,1,1
0.639,follow,9.624,19.248,0.088,0,1,1,1
0.696,follow,9.624,19.248,0.088,0,1,1,1
0.754,follow,9.624,19.248,0.088,0,1,1,1
0.811,follow,9.624,19.248,0.088,0,1,1,1
0.868,follow,9.624,19.248,0.088,0,1,1,1
0.926,follow,9.624,19.248,0.088,0,1,1,1
0.983,follow,9.624,19.248,0.088,0,1,1,1
1.044,follow,9.624,19.248,0.088,0,1,1,1
1.102,follow,9.624,19.248,0.088,0,1,1,1
1.159,follow,9.668,19.336,0.176,0,1,1,1
1.216,follow,9.668,19.336,0.176,0,1,1,1
1.274,follow,9.668,19.336,0.176,0,1,1,1
1.331,follow,9.668,19.336,0.176,0,1,1,1
1.388,follow,9.668,19.336,0.176,0,1,1,1
1.446,follow,9.668,19.336,0.176,0,1,1,1
1.503,follow,9.668,19.336,0.176,0,1,1,1
1.565,follow,99.668,199.336,180.176,0,1,1,1
1.622,follow,9.668,19.336,0.176,0,1,1,1
1.679,follow,9.668,19.336,0.176,0,1,1,1
1.737,follow,9.668,19.336,0.176,0,1,1,1
1.794,follow,43.418,86.836,67.676,0,1,1,1
1.851,follow,43.418,86.836,67.676,0,1,1,1
1.909,follow,9.668,19.336,0.176,0,1,1,1
1.966,follow,9.668,19.336,0.176,0,1,1,1
2.023,follow,9.668,19.336,0.176,0,1,1,1
2.085,follow,9.668,19.336,0.176,0,1,1,1
2.142,follow,9.712,19.424,0.264,0,1,1,1
2.199,follow,9.712,19.424,0.264,0,1,1,1
2.257,follow,9.712,19.424,0.264,0,1,1,1
2.314,follow,9.712,19.424,0.264,0,1,1,1
2.371,follow,9.712,19.424,0.264,0,1,1,1
2.429,follow,9.712,19.424,0.264,0,1,1,1
2.486,follow,9.712,19.424,0.264,0,1,1,1
2.548,follow,9.712,19.424,0.264,0,1,1,1
2.605,follow,9.712,19.424,0.264,0,1,1,1
2.662,follow,9.712,19.424,0.264,0,1,1,1
2.720,follow,178.462,356.924,-22.236,0,1,1,1
2.777,follow,9.712,19.424,0.264,0,1,1,1
2.834,follow,9.712,19.424,0.264,0,1,1,1
2.892,follow,9.712,19.424,0.264,0,1,1,1
2.949,follow,9.712,19.424,0.264,0,1,1,1
3.006,follow,9.712,19.424,0.264,0,1,1,1
3.068,follow,9.712,19.424,0.264,0,1,1,1
3.125,follow,9.756,19.512,0.352,0,1,1,1
3.182,follow,9.756,19.512,0.352,0,1,1,1
3.240,follow,9.756,19.512,0.352,0,1,1,1
3.297,follow,9.756,19.512,0.352,0,1,1,1
3.354,follow,9.756,19.512,0.352,0,1,1,1
3.412,follow,43.506,87.012,67.852,0,1,1,1
3.469,follow,77.256,154.512,135.352,0,1,1,1
3.526,follow,43.506,87.012,67.852,0,1,1,1
3.584,follow,9.756,19.512,0.352,0,1,1,1
3.641,follow,9.756,19.512,0.352,0,1,1,1
3.698,follow,9.756,19.512,0.352,0,1,1,1
3.756,follow,9.756,19.512,0.352,0,1,1,1
3.813,follow,9.756,19.512,0.352,0,1,1,1
3.870,follow,9.756,19.512,0.352,0,1,1,1
3.928,follow,9.756,19.512,0.352,0,1,1,1
3.985,follow,9.756,19.512,0.352,0,1,1,1
4.047,follow,43.506,87.012,67.852,0,1,1,1
4.104,follow,9.756,19.512,0.352,0,1,1,1
4.161,follow,9.800,19.600,0.439,0,1,1,1
4.219,follow,9.800,19.600,0.439,0,1,1,1
4.276,follow,9.800,19.600,0.439,0,1,1,1
4.333,follow,9.800,19.600,0.439,0,1,1,1
4.391,follow,99.800,199.600,180.439,0,1,1,1
4.448,follow,9.800,19.600,0.439,0,1,1,1
4.505,follow,9.800,19.600,0.439,0,1,1,1
4.567,follow,9.800,19.600,0.439,0,1,1,1
4.624,follow,9.800,19.600,0.439,0,1,1,1
4.681,follow,9.800,19.600,0.439,0,1,1,1
4.739,follow,9.800,19.600,0.439,0,1,1,1
4.796,follow,9.800,19.600,0.439,0,1,1,1
4.853,follow,9.800,19.600,0.439,0,1,1,1
4.911,follow,9.800,19.600,0.439,0,1,1,1
4.968,follow,9.800,19.600,0.439,0,1,1,1
5.026,follow,9.800,19.600,0.439,0,1,1,1
5.083,follow,9.800,19.600,0.439,0,1,1,1
5.140,follow,9.844,19.688,0.527,0,1,1,1
5.198,follow,9.844,19.688,0.527,0,1,1,1
5.255,follow,9.844,19.688,0.527,0,1,1,1
5.312,follow,9.844,19.688,0.527,0,1,1,1
5.370,follow,9.844,19.688,0.527,0,1,1,1
5.427,follow,9.844,19.688,0.527,0,1,1,1
5.484,follow,9.844,19.688,0.527,0,1,1,1
5.546,follow,9.844,19.688,0.527,1,0,0,1
5.603,follow,9.844,19.688,0.527,1,0,0,1
5.660,follow,9.844,19.688,0.527,1,0,0,1
5.718,follow,9.844,19.688,0.527,1,0,0,1
5.775,follow,9.844,19.688,0.527,1,0,0,1
5.832,follow,9.844,19.688,0.527,1,0,0,1
5.890,follow,9.844,19.688,0.527,1,0,0,1
5.947,follow,9.844,19.688,0.527,1,0,0,1
6.004,follow,9.844,19.688,0.527,1,0,0,1
6.066,follow,9.844,19.688,0.527,1,0,0,1
6.123,follow,9.844,19.688,0.527,1,0,0,1
6.180,follow,9.888,19.775,0.615,1,0,0,1
6.238,follow,9.888,19.775,0.615,1,0,0,1
6.295,follow,9.888,19.775,0.615,1,0,0,1
6.353,follow,9.888,19.775,0.615,1,0,0,1
6.410,follow,9.888,19.775,0.615,1,0,0,1
6.467,follow,43.638,87.275,68.115,1,0,0,1
6.525,follow,9.888,19.775,0.615,1,0,0,1
6.586,follow,43.638,87.275,68.115,1,0,0,1
6.643,follow,43.638,87.275,68.115,1,0,0,1
6.701,follow,9.888,19.775,0.615,1,0,0,1
6.758,follow,9.888,19.775,0.615,1,0,0,1
6.815,follow,9.888,19.775,0.615,1,0,0,1
6.873,follow,9.888,19.775,0.615,1,0,0,1
6.930,follow,21.138,42.275,23.115,1,0,0,1
6.988,follow,9.888,19.775,0.615,1,0,0,1
7.049,follow,178.638,357.275,-21.885,1,0,0,1
7.106,follow,9.888,19.775,0.615,1,0,0,1
7.164,follow,178.682,357.363,-21.797,1,0,0,1
7.221,follow,9.932,19.863,0.703,1,0,0,1
7.278,follow,9.932,19.863,0.703,1,0,0,1
7.335,follow,9.932,19.863,0.703,1,0,0,1
7.393,follow,9.932,19.863,0.703,1,0,0,1
7.450,follow,122.432,244.863,-134.297,1,0,0,1
7.508,follow,9.932,19.863,0.703,1,0,0,1
7.569,follow,9.932,19.863,0.703,1,0,0,1
7.626,follow,9.932,19.863,0.703,1,0,0,1
7.684,follow,9.932,19.863,0.703,1,0,0,1
7.741,follow,9.932,19.863,0.703,1,0,0,1
7.798,follow,9.932,19.863,0.703,1,0,0,1
7.856,follow,9.932,19.863,0.703,1,0,0,1
7.913,follow,9.932,19.863,0.703,1,0,0,1
7.970,follow,9.932,19.863,0.703,1,0,0,1
8.028,follow,9.932,19.863,0.703,1,0,0,1
8.085,follow,9.932,19.863,0.703,1,0,0,1
8.143,follow,9.976,19.951,0.791,1,0,0,1
8.200,follow,9.976,19.951,0.791,1,0,0,1
8.257,follow,21.226,42.451,23.291,1,0,0,1
8.315,follow,9.976,19.951,0.791,1,0,0,1
8.372,follow,9.976,19.951,0.791,1,0,0,1
8.429,follow,9.976,19.951,0.791,1,0,0,1
8.486,follow,9.976,19.951,0.791,1,0,0,1
8.548,follow,9.976,19.951,0.791,1,0,0,1
8.605,follow,133.726,267.451,-111.709,1,0,0,1
8.663,follow,9.976,19.951,-359.209,1,0,0,1
8.720,follow,9.976,19.951,-359.209,1,0,0,1
8.777,follow,9.976,19.951,-359.209,1,0,0,1
8.835,follow,9.976,19.951,-359.209,1,0,0,1
8.892,follow,9.976,19.951,-359.209,1,0,0,1
8.949,follow,133.726,267.451,-111.709,1,0,0,1
9.007,follow,43.726,87.451,68.291,1,0,0,1
9.068,follow,9.976,19.951,0.791,1,0,0,1
9.125,follow,10.020,20.039,0.879,1,0,0,1
9.183,follow,10.020,20.039,0.879,1,0,0,1
9.240,follow,10.020,20.039,0.879,1,0,0,1
9.298,follow,10.020,20.039,0.879,1,0,0,1
9.355,follow,10.020,20.039,0.879,1,0,0,1
9.412,follow,10.020,20.039,0.879,1,0,0,1
9.470,follow,10.020,20.039,0.879,1,0,0,1
9.527,follow,43.770,87.539,68.379,1,0,0,1
9.584,follow,43.770,87.539,68.379,1,0,0,1
9.642,follow,10.020,20.039,0.879,1,0,0,1
9.699,follow,77.520,155.039,135.879,1,0,0,1
9.756,follow,10.020,20.039,0.879,1,0,0,1
9.814,follow,10.020,20.039,0.879,1,0,0,1
9.871,follow,133.770,267.539,-111.621,1,0,0,1
9.928,follow,10.020,20.039,0.879,1,0,0,1
9.986,follow,43.770,87.539,68.379,1,0,0,1
10.047,follow,10.020,20.039,0.879,1,0,0,1
10.104,follow,10.020,20.039,0.879,1,0,0,1
10.162,follow,10.063,20.127,-359.033,1,0,0,1
10.219,follow,10.063,20.127,-359.033,1,0,0,1
10.276,follow,10.063,20.127,-359.033,1,0,0,1
10.334,follow,10.063,20.127,-359.033,1,0,0,1
10.391,follow,10.063,20.127,-359.033,1,0,0,1
10.448,follow,10.063,20.127,-359.033,1,0,0,1
10.506,follow,10.063,20.127,-359.033,1,0,0,1
10.567,follow,133.813,267.627,-471.533,1,0,0,1
10.625,follow,43.813,87.627,-651.533,1,0,0,1
10.682,follow,10.063,20.127,-719.033,1,0,0,1
10.739,follow,43.813,87.627,-651.533,1,0,0,1
10.797,follow,133.813,267.627,-831.533,1,0,0,1
10.854,follow,10.063,20.127,-719.033,1,0,0,1
10.911,follow,10.063,20.127,-719.033,1,0,0,1
10.969,follow,43.813,87.627,-651.533,1,0,0,1
11.026,follow,43.813,87.627,-651.533,1,0,0,1
11.083,follow,10.063,20.127,-719.033,1,0,0,1
11.141,follow,10.107,20.215,-718.945,1,0,0,1
11.198,follow,10.107,20.215,-718.945,1,0,0,1
11.255,follow,10.107,20.215,-718.945,1,0,0,1
11.313,follow,10.107,20.215,-718.945,1,0,0,1
11.370,follow,178.857,357.715,-741.445,1,0,0,1
11.427,follow,43.857,87.715,-651.445,1,0,0,1
11.485,follow,10.107,20.215,-718.945,1,0,0,1
11.546,follow,10.107,20.215,-718.945,1,0,0,1
11.603,follow,10.107,20.215,-718.945,1,0,0,1
11.661,follow,10.107,20.215,-718.945,1,0,0,1
11.718,follow,10.107,20.215,-718.945,1,0,0,1
11.775,follow,10.107,20.215,-718.945,1,0,0,1
11.833,follow,10.107,20.215,-718.945,1,0,0,1
11.890,follow,43.857,87.715,-651.445,1,0,0,1
11.948,follow,10.107,20.215,-718.945,1,0,0,1
12.005,follow,10.107,20.215,-718.945,1,0,0,1
12.066,follow,10.107,20.215,-718.945,1,0,0,1
12.124,follow,10.107,20.215,-718.945,1,0,0,1
12.181,follow,10.151,20.303,-718.857,1,0,0,1
12.238,follow,10.151,20.303,-718.857,1,0,0,1
12.296,follow,43.901,87.803,-651.357,1,0,0,1
12.353,follow,43.901,87.803,-651.357,1,0,0,1
12.410,follow,10.151,20.303,-718.857,1,0,0,1
12.468,follow,10.151,20.303,-718.857,1,0,0,1
12.525,follow,10.151,20.303,-718.857,1,0,0,1
12.586,follow,10.151,20.303,-718.857,1,0,0,1
12.644,follow,10.151,20.303,-718.857,1,0,0,1
12.701,follow,10.151,20.303,-718.857,1,0,0,1
12.758,follow,10.151,20.303,-718.857,1,0,0,1
12.816,follow,10.151,20.303,-718.857,1,0,0,1
12.873,follow,10.151,20.303,-718.857,1,0,0,1
12.930,follow,10.151,20.303,-718.857,1,0,0,1
12.988,follow,10.151,20.303,-718.857,1,0,0,1
13.049,follow,43.901,87.803,-651.357,1,0,0,1
13.107,follow,10.151,20.303,-718.857,1,0,0,1
13.164,follow,10.195,20.391,-718.770,1,0,0,1
13.221,follow,10.195,20.391,-718.770,1,0,0,1
13.279,follow,10.195,20.391,-718.770,1,0,0,1
13.336,follow,10.195,20.391,-718.770,1,0,0,1
13.393,follow,10.195,20.391,-718.770,1,0,0,1
13.451,follow,43.945,87.891,-651.270,1,0,0,1
13.508,follow,133.945,267.891,-471.270,1,0,1,1
13.569,follow,10.195,20.391,-358.770,1,0,1,1
13.627,follow,10.195,20.391,-358.770,1,0,1,1
13.684,follow,10.195,20.391,-358.770,1,0,1,1
13.741,follow,10.195,20.391,-358.770,1,0,1,1
13.799,follow,10.195,20.391,-358.770,1,0,1,1
13.856,follow,10.195,20.391,-358.770,1,0,1,1
13.913,follow,10.195,20.391,-358.770,1,0,1,1
13.971,follow,10.195,20.391,-358.770,1,0,1,1
14.028,follow,10.195,20.391,-358.770,1,0,1,1
14.086,follow,10.195,20.391,-358.770,1,0,1,1
14.143,follow,10.239,20.479,-358.682,1,0,1,1
14.200,follow,10.239,20.479,-358.682,1,0,1,1
14.257,follow,10.239,20.479,-358.682,1,0,1,1
14.315,follow,10.239,20.479,-358.682,1,0,1,1
14.372,follow,10.239,20.479,-358.682,1,0,1,1
14.430,follow,10.239,20.479,-358.682,1,0,1,1
14.487,follow,10.239,20.479,-358.682,1,0,1,1
14.548,follow,43.989,87.979,-291.182,1,0,1,1
14.606,follow,10.239,20.479,-358.682,1,0,1,1
14.663,follow,10.239,20.479,-358.682,1,0,1,1
14.720,follow,10.239,20.479,-358.682,1,0,1,1
14.778,follow,10.239,20.479,-358.682,1,0,1,1
14.835,follow,10.239,20.479,-358.682,1,0,1,1
14.893,follow,43.989,87.979,-291.182,1,0,1,1
14.950,follow,10.239,20.479,-358.682,1,0,1,1
15.007,follow,10.239,20.479,-358.682,1,0,1,1
15.069,follow,10.239,20.479,-358.682,1,0,1,1
15.126,follow,10.283,20.566,-358.594,1,0,1,1
15.183,follow,100.283,200.566,-178.594,1,0,1,1
15.241,follow,10.283,20.566,-358.594,1,0,1,1
15.298,follow,179.033,358.066,-381.094,1,0,1,1
15.355,follow,10.283,20.566,-358.594,1,0,1,1
15.413,follow,10.283,20.566,-358.594,1,0,1,1
15.470,follow,10.283,20.566,-358.594,1,0,1,1
15.527,follow,10.283,20.566,-358.594,1,0,1,1
15.585,follow,10.283,20.566,-358.594,1,0,1,1
15.642,follow,10.283,20.566,-358.594,1,0,1,1
15.699,follow,10.283,20.566,-358.594,1,0,1,1
15.757,follow,10.283,20.566,-358.594,1,0,1,1
15.814,follow,44.033,88.066,-291.094,1,0,1,1
15.871,follow,10.283,20.566,-358.594,1,0,1,1
15.929,follow,10.283,20.566,-358.594,1,0,1,1
15.986,follow,10.283,20.566,-358.594,1,0,1,1
16.047,follow,10.283,20.566,-358.594,1,0,1,1
16.105,follow,10.283,20.566,-358.594,1,0,1,1
16.162,follow,10.327,20.654,-358.506,1,0,1,1
16.219,follow,10.327,20.654,-358.506,1,0,1,1
16.277,follow,10.327,20.654,-358.506,1,0,1,1
16.334,follow,10.327,20.654,-358.506,1,0,1,1
16.391,follow,10.327,20.654,-358.506,1,0,1,1
16.449,follow,10.327,20.654,-358.506,1,0,1,1
16.506,follow,10.327,20.654,-358.506,1,0,1,1
16.568,follow,10.327,20.654,-358.506,1,0,1,1
16.625,follow,10.327,20.654,-358.506,1,0,1,1
16.682,follow,10.327,20.654,-358.506,1,0,1,1
16.740,follow,10.327,20.654,-358.506,1,0,1,1
16.797,follow,10.327,20.654,-358.506,1,0,1,1
16.854,follow,10.327,20.654,-358.506,1,0,1,1
16.912,follow,10.327,20.654,-358.506,1,0,1,1
16.969,follow,10.327,20.654,-358.506,1,0,1,1
17.026,follow,179.077,358.154,-381.006,1,0,1,1
17.084,follow,10.327,20.654,-358.506,1,0,1,1
17.141,follow,10.371,20.742,-358.418,1,0,1,1
17.198,follow,179.121,358.242,-380.918,1,0,1,1
17.256,follow,10.371,20.742,-358.418,1,0,1,1
17.313,follow,179.121,358.242,-380.918,1,0,1,1
17.370,follow,134.121,268.242,-470.918,1,0,1,1
17.428,follow,10.371,20.742,-358.418,1,0,1,1
17.485,follow,10.371,20.742,-358.418,1,0,1,1
17.547,follow,10.371,20.742,-358.418,1,0,1,1
17.604,follow,10.371,20.742,-358.418,1,0,1,1
17.661,follow,10.371,20.742,-358.418,1,0,1,1
17.719,follow,10.371,20.742,-358.418,1,0,1,1
17.776,follow,10.371,20.742,-358.418,1,0,1,1
17.833,follow,10.371,20.742,-358.418,1,0,1,1
17.891,follow,10.371,20.742,-358.418,1,0,1,1
17.948,follow,10.371,20.742,-358.418,1,0,1,1
18.005,follow,44.121,88.242,-290.918,1,0,1,1
18.067,follow,10.371,20.742,-358.418,1,0,1,1
18.124,follow,10.371,20.742,-358.418,1,0,1,1
18.181,follow,10.415,20.830,-358.330,1,0,1,1
18.239,follow,10.415,20.830,-358.330,1,0,1,1
18.296,follow,10.415,20.830,-358.330,1,0,1,1
